"__source__","projectname","__time__"
"","EC.Consumer.AuthLog.Task",1514772188
"","EC.Consumer.MallAuth.Task",1514772188
"","EC.Consumer.NewMemberAward.Task",1514772188
"","EC.Consumer.OrderChangeNotify.Task",1514772188
"","EC.Consumer.PreawardVoucher.Task",1514772188
"","EC.Consumer.WeixinMessage.Task",1514772188
"","EC.ConsumerMonitor.Task",1514772188
"","EC.GroupPurchase.GoodsState.task",1514772188
"","EC.GroupPurchase.Order.task",1514772188
"","EC.LogMonitor.Task",1514772188
"","EC.MemberOrderStatus.task",1514772188
"","EC.MemberRedListSync.task",1514772188
"","EC.Order.EvaluateGoods.Task",1514772188
"","EC.OrderDeliver.OrderInfoUp20.task",1514772188
"","EC.OrderDeliver.OrderInfoUp30.task",1514772188
"","EC.OrderDeliver.OrderInfoUpInfo.task",1514772188
"","EC.OrderRewardVoucher.task",1514772188
"","EC.OrderTuotou.bbc.task",1514772188
"","EC.OrderTuotou.isown.task",1514772188
"","EC.PaymentCheck.Task",1514772188
"","EC.Presale.DataProcessing.task",1514772188
"","EC.Presale.Refund.task",1514772188
"","EC.RecommendStoreGoods.task",1514772188
"","EC.ReturnOrder.task",1514772188
"","EC.ShoppingCartPriceNotice.task",1514772188
"","EC.StoreVoucherCountSyc.task",1514772188
"","EC.Task.LogMonitor",1514772188
"","EC.Test.Consumer.AuthLog.Task",1514772188
"","EC.Voucher.ExpirNotice.task",1514772188
"","EC.Voucher.NoticePush.task",1514772188
"","EC.Voucher.NoticeSms.task",1514772188
"","EC.WeixinFansSyn.Task",1514772188
"","EC.WeixinPushManagement.Task",1514772188
"","EC.WeixinSaveDataManagement.Task",1514772188
"","Ec.Admin.OrderCancel.Api",1514772188
"","Ec.BlackList.Api",1514772188
"","Ec.Distribution.Activation.Task",1514772188
"","Ec.Distribution.Change.Task",1514772188
"","Ec.Distribution.Commission.Settlement.Bill.Task",1514772188
"","Ec.Distribution.Commission.Settlement.Task",1514772188
"","Ec.Distribution.ShortUrl.Api",1514772188
"","Ec.Distribution.Withdraw.Apply",1514772188
"","Ec.Goods.Live.Sync.Task",1514772188
"","Ec.Goods.Price.Update.Task",1514772188
"","Ec.Goods.Promotion.Sync.Code.Task",1514772188
"","Ec.Goods.Promotion.Sync.End.Task",1514772188
"","Ec.Goods.Promotion.Sync.Live.Task",1514772188
"","Ec.GroupPurchase.OrderStatus.Api",1514772188
"","Ec.IpAbnormal.Add.Api",1514772188
"","Ec.IpAbnormal.Log.Api",1514772188
"","Ec.Min.Price.Check.Task",1514772188
"","Ec.NewFansredGifts.Api",1514772188
"","Ec.Order.Audit.Task",1514772188
"","Ec.Order.Determine.Jd.Task",1514772188
"","Ec.Order.Number.Jd.Task",1514772188
"","Ec.Order.Push.Homa.Task1",1514772188
"","Ec.Order.Push.Homa.Task10",1514772188
"","Ec.Order.Push.Homa.Task2",1514772188
"","Ec.Order.Push.Homa.Task3",1514772188
"","Ec.Order.Push.Homa.Task4",1514772188
"","Ec.Order.Push.Homa.Task5",1514772188
"","Ec.Order.Push.Homa.Task6",1514772188
"","Ec.Order.Push.Homa.Task7",1514772188
"","Ec.Order.Push.Homa.Task8",1514772188
"","Ec.Order.Push.Homa.Task9",1514772188
"","Ec.Order.Push.Jd.Task",1514772188
"","Ec.Order.Push.Wy.Task",1514772188
"","Ec.Order.Return.Jd.Task",1514772188
"","Ec.Order.Sever.Jd.Task",1514772188
"","Ec.Order.Tuotou.Wy.Task",1514772188
"","Ec.Order.Update.Jd.Task",1514772188
"","Ec.Order.Update.Wy.Task",1514772188
"","Ec.OrderShare.GiveGifts.Api",1514772188
"","Ec.OrderShare.ParticipateGifts.Api",1514772188
"","Ec.OrderShare.ParticipateSetting.Api",1514772188
"","Ec.OrderShare.Setting.Api",1514772188
"","Ec.Points.Api",1514772188
"","Ec.Presale.OrderSave.Api",1514772188
"","Ec.Price.Sync.Jd.Task",1514772188
"","Ec.Refund.Check.Task",1514772188
"","Ec.Refund.Task",1514772188
"","Ec.Stock.Sync.Live.Task",1514772188
"","Ec.Stock.Sync.Normal.Task",1514772188
"","Ec.ToErp.Api",1514772188
"","Ec.Voucher.Api",1514772188
"","Ec.Voucher.Exchange.Api",1514772188
"","Ec.Voucher.Old.Api",1514772188
"","Ec.Voucher.Preaward.Api",1514772188
"","Ec.Voucher.Redeem.Api",1514772188
"","Ec.order.Cancel.Task",1514772188
"","WXCMS.AdminSendMessage.Api",1514772188
"","WXCMS.Admin_Sendmsg.Api",1514772188
"","WXCMS.Admin_qrscene.Api",1514772188
"","WXCMS.Token.Api",1514772188
"","WXMSG.kfaccount.Api",1514772188
"","Wxcms.AdminQrscene.Api",1514772188
"","Wxcms.AdminSendHb.Api",1514772188
"","ec.goods.synchronized.jd.task",1514772188
"","ec.goods.synchronized.wy.task",1514772188
"","ec.jd.task",1514772188