"__source__","_col1","projectname","__time__"
"","1","EC.Consumer.AuthLog.Task",1518624000
"","4","EC.Consumer.NewMemberAward.Task",1518624000
"","3539","EC.Consumer.PreawardVoucher.Task",1518624000
"","22","EC.Consumer.WeixinMessage.Task",1518624000
"","317","EC.WeixinFansSyn.Task",1518624000
"","2","Ec.IpAbnormal.Add.Api",1518624000
"","2","Ec.IpAbnormal.Log.Api",1518624000
"","70","Ec.NewFansredGifts.Api",1518624000
"","1","Ec.Order.Push.Homa.Task1",1518624000
"","1","Ec.Order.Push.Homa.Task2",1518624000
"","2","Ec.Order.Push.Homa.Task4",1518624000
"","3","Ec.Order.Push.Homa.Task5",1518624000
"","1","Ec.Order.Push.Homa.Task6",1518624000
"","2","Ec.Order.Push.Homa.Task7",1518624000
"","1","Ec.Order.Push.Homa.Task8",1518624000
"","100643","Ec.Order.Update.Jd.Task",1518624000
"","1810","Ec.OrderShare.GiveGifts.Api",1518624000
"","1866","Ec.OrderShare.ParticipateGifts.Api",1518624000
"","44","Ec.OrderShare.ParticipateSetting.Api",1518624000
"","454","Ec.OrderShare.Setting.Api",1518624000
"","879","Ec.Points.Api",1518624000
"","1","Ec.Stock.Sync.Live.Task",1518624000
"","7","Ec.Stock.Sync.Normal.Task",1518624000
"","4","Ec.ToErp.Api",1518624000
"","754","Ec.Voucher.Api",1518624000
"","8","Ec.Voucher.Redeem.Api",1518624000
"","1","HappyAsk.award.Task",1518624000
"","117","KMG.LogMonitor.Task",1518624000
"","7","KMG.MqMonitor.Task",1518624000
"","36","WXMSG.kfaccount.Api",1518624000
"","69","Wxcms.AdminSendHb.Api",1518624000